year,total
2017,2317.38148102
2018,2340.05203408
2019,2362.72290515
2020,2385.41059185
2021,2407.28155057
2022,2428.58296652
2023,2449.40348136
2024,2469.79358461
2025,2489.79880984
2026,2509.46016902
2027,2528.32633237
2028,2546.4618099
2029,2563.94139718
2030,2580.83133091
2031,2597.18325298
2032,2612.75520107
2033,2627.40748362
2034,2641.23656828
2035,2654.32700822
2036,2666.75092495
