year,total
2017,2268.79875889
2018,2293.86772746
2019,2318.71676906
2020,2343.35788542
2021,2366.99609569
2022,2389.97587301
2023,2412.436229
2024,2434.41077217
2025,2455.93119126
2026,2477.02637018
2027,2497.37956939
2028,2517.05448938
2029,2536.1042062
2030,2554.57723711
2031,2572.51034044
2032,2589.78603824
2033,2606.11628749
2034,2621.57677053
2035,2636.2347004
2036,2650.14757486
