year,total
2017,245588.55519
2018,248494.327955
2019,251381.316963
2020,254250.60965
2021,257014.159019
2022,259716.075264
2023,262373.531958
2024,264989.465958
2025,267566.72386
2026,270107.917045
2027,272584.60234
2028,275001.690753
2029,277364.022228
2030,279676.082948
2031,281941.133211
2032,284152.574097
2033,286263.423102
2034,288281.337592
2035,290213.118348
2036,292064.593236
