year,total
2017,245199.787154
2018,247731.69372
2019,250259.072138
2020,252783.439208
2021,255218.473003
2022,257596.647623
2023,259935.647589
2024,262239.78776
2025,264513.084453
2026,266759.181244
2027,268938.787179
2028,271059.62036
2029,273128.397031
2030,275151.179697
2031,277132.588946
2032,279054.796027
2033,280865.203602
2034,282575.980459
2035,284197.790574
2036,285739.802512
