year,total
2017,2402.78110135
2018,2430.97320868
2019,2458.60981487
2020,2485.70432752
2021,2511.3951804
2022,2536.05043516
2023,2559.71078026
2024,2582.41415481
2025,2604.19566329
2026,2625.08736098
2027,2644.72796034
2028,2663.16808776
2029,2680.46672587
2030,2696.6778193
2031,2711.84408119
2032,2725.81779579
2033,2738.63459934
2034,2750.36792482
2035,2761.08457022
2036,2770.84149891
