year,total
2017,2030.74302283
2018,2052.92713766
2019,2074.56979012
2020,2095.68786186
2021,2115.50890005
2022,2134.23417943
2023,2151.68599381
2024,2167.91726736
2025,2182.97402901
2026,2196.89778305
2027,2209.21624517
2028,2219.92571337
2029,2229.10211683
2030,2236.81232787
2031,2243.11228617
2032,2247.71722993
2033,2251.2123604
2034,2253.67410931
2035,2255.17226871
2036,2255.76608506
