year,total
2017,4933.18625392
2018,4990.19444842
2019,5047.37165541
2020,5104.75054935
2021,5160.35049657
2022,5214.94288382
2023,5268.14576599
2024,5320.06433706
2025,5370.78992691
2026,5420.40482218
2027,5468.01479458
2028,5513.35315217
2029,5556.57287842
2030,5597.80708724
2031,5637.15970261
2032,5674.19707048
2033,5708.9520864
2034,5741.62104502
2035,5772.37867954
2036,5801.37484817
