year,total
2017,4822.78618383
2018,4886.862041
2019,4950.76861641
2020,5014.5271653
2021,5076.20462976
2022,5136.85936384
2023,5196.12569554
2024,5254.06783212
2025,5310.74269734
2026,5366.20236347
2027,5419.89475298
2028,5471.45524508
2029,5520.98335843
2030,5568.56775329
2031,5614.27451247
2032,5657.99080461
2033,5699.34610766
2034,5738.48865636
2035,5775.55317369
2036,5810.656076
