year,total
2017,4609.09733861
2018,4660.62311477
2019,4712.30329059
2020,4764.1514686
2021,4814.65784311
2022,4864.68292494
2023,4915.32853164
2024,4966.62122054
2025,5018.59473483
2026,5071.28062057
2027,5124.34837213
2028,5178.21951296
2029,5232.95137466
2030,5288.60196037
2031,5345.2044948
2032,5402.83252468
2033,5459.17550691
2034,5514.37451186
2035,5568.54987433
2036,5621.8045643
