year,total
2017,4351.70952618
2018,4400.13902284
2019,4448.04077665
2020,4495.44644502
2021,4540.66578998
2022,4584.2165225
2023,4625.99235365
2024,4666.09467907
2025,4704.61326735
2026,4741.62911014
2027,4776.22036865
2028,4808.43387782
2029,4838.41828404
2030,4866.30492131
2031,4892.19934069
2032,4915.5927043
2033,4936.93084948
2034,4956.38525442
2035,4974.10920919
2036,4990.23299419
