year,total
2017,4428.85827235
2018,4468.13110828
2019,4507.09470976
2020,4545.78541954
2021,4582.61720406
2022,4617.80569705
2023,4651.72713221
2024,4684.50067635
2025,4716.2333552
2026,4747.02079097
2027,4775.73804911
2028,4802.84774921
2029,4828.51738002
2030,4852.8944494
2031,4876.09566773
2032,4897.43959966
2033,4917.75514658
2034,4937.11070232
2035,4955.56794985
2036,4973.17745021
