year,total
2017,3464.13193042
2018,3498.7361177
2019,3533.60596192
2020,3568.75726005
2021,3603.08041557
2022,3637.11512764
2023,3671.64739577
2024,3706.71209591
2025,3742.34749233
2026,3778.58907863
2027,3815.08904243
2028,3852.11782323
2029,3889.74359846
2030,3928.03185904
2031,3967.02729879
2032,4006.65971612
2033,4044.60845295
2034,4081.13317709
2035,4116.45702544
2036,4150.77242069
