year,total
2017,3880.64879168
2018,3910.02430566
2019,3939.21645165
2020,3968.25860308
2021,3995.88755047
2022,4022.2086602
2023,4047.70626954
2024,4072.48344447
2025,4096.63370868
2026,4120.24053798
2027,4142.34511408
2028,4163.42441012
2029,4183.62349588
2030,4203.07058693
2031,4221.86670571
2032,4239.42063782
2033,4256.16212953
2034,4272.16223533
2035,4287.48357582
2036,4302.1781412
