year,total
2017,12776.045768
2018,12931.317887
2019,13086.6206901
2020,13242.0124598
2021,13392.6558311
2022,13540.9739649
2023,13687.4035715
2024,13832.1134463
2025,13975.2616771
2026,14116.992577
2027,14255.7493707
2028,14391.4210425
2029,14524.2772023
2030,14654.5624251
2031,14782.453382
2032,14907.5606089
2033,15027.4230416
2034,15142.4678355
2035,15253.0729807
2036,15359.5629797
