year,total
2017,12460.7555023
2018,12623.4799259
2019,12785.7180336
2020,12947.5166071
2021,13104.0986548
2022,13258.1760344
2023,13410.0081213
2024,13559.7235797
2025,13707.4455016
2026,13853.2874153
2027,13996.0354074
2028,14135.3983267
2029,14271.591567
2030,14404.8139049
2031,14535.2047126
2032,14662.6856846
2033,14784.7643521
2034,14901.8084258
2035,15014.1472732
2036,15122.0644623
