year,total
2017,6007.208472
2018,6067.28478404
2019,6127.11385635
2020,6186.73604645
2021,6244.04262233
2022,6299.73537739
2023,6354.11968598
2024,6407.31353564
2025,6459.42477366
2026,6510.55083644
2027,6559.62707056
2028,6606.84417534
2029,6652.37976168
2030,6696.3927055
2031,6739.00632894
2032,6779.68738132
2033,6817.76989275
2034,6853.51275946
2035,6887.14420152
2036,6918.86009216
