year,total
2017,3736.36761882
2018,3773.71933829
2019,3811.35992976
2020,3849.3064273
2021,3886.36104517
2022,3923.10669062
2023,3960.38872408
2024,3998.24479062
2025,4036.7161677
2026,4075.8411418
2027,4115.24454189
2028,4155.21640178
2029,4195.83026667
2030,4237.15676591
2031,4279.24409503
2032,4322.01664354
2033,4362.97372045
2034,4402.39516601
2035,4440.52145618
2036,4477.55996866
