year,total
2017,8977.42986885
2018,9089.02341362
2019,9199.53648432
2020,9309.00752216
2021,9414.14298715
2022,9516.67600523
2023,9616.85758026
2024,9714.79227039
2025,9810.57971798
2026,9904.31161296
2027,9994.98788936
2028,10082.5827202
2029,10167.2676937
2030,10249.2016119
2031,10328.5018637
2032,10404.9666364
2033,10477.4024505
2034,10546.0715107
2035,10611.2102728
2036,10673.0217737
