year,total
2017,5396.7765809
2018,5457.20558798
2019,5517.81717516
2020,5578.62723896
2021,5637.86574161
2022,5696.54303877
2023,5755.94320754
2024,5816.09729988
2025,5877.04474968
2026,5938.82242639
2027,6001.04422764
2028,6064.19934817
2029,6128.35482544
2030,6193.57846982
2031,6259.90910083
2032,6327.43387777
2033,6393.45051384
2034,6458.12407498
2035,6521.59539079
2036,6583.98497804
