year,total
2017,5381.03055103
2018,5438.92047362
2019,5497.07993924
2020,5555.52757661
2021,5612.49980513
2022,5668.91638075
2023,5726.08538455
2024,5784.04804233
2025,5842.85246505
2026,5902.54313556
2027,5962.64523254
2028,6023.69438151
2029,6085.77099116
2030,6148.95405974
2031,6213.29193006
2032,6278.78544046
2033,6342.8254925
2034,6405.58895377
2035,6467.22628758
2036,6527.86598622
