year,total
2017,2861.60023992
2018,2886.55748299
2019,2911.13555165
2020,2935.35434355
2021,2958.31091719
2022,2980.20857178
2023,3001.53453028
2024,3022.34522584
2025,3042.69450287
2026,3062.63106894
2027,3081.60318914
2028,3099.96620391
2029,3117.8072759
2030,3135.20610473
2031,3152.22483643
2032,3168.56222144
2033,3183.89377347
2034,3198.33175244
2035,3211.97384023
2036,3224.90271028
