year,total
2017,13326.8129995
2018,13502.1594675
2019,13678.1417455
2020,13854.8167759
2021,14026.9142518
2022,14197.5753501
2023,14366.0579514
2024,14532.5150708
2025,14697.0866182
2026,14859.9025407
2027,15019.7426633
2028,15175.3188918
2029,15326.8966823
2030,15474.7161644
2031,15618.9527422
2032,15759.4995124
2033,15891.2973402
2034,16015.2546288
2035,16132.1714985
2036,16242.7421561
