year,total
2017,1808.63548079
2018,1826.74435113
2019,1844.99354223
2020,1863.39128469
2021,1881.35729114
2022,1899.17466696
2023,1917.25132972
2024,1935.6054556
2025,1954.25697887
2026,1973.22439204
2027,1992.32663292
2028,2011.7029119
2029,2031.38877085
2030,2051.41834501
2031,2071.8149189
2032,2092.54242516
2033,2112.38933928
2034,2131.49126205
2035,2149.96472628
2036,2167.91022928
