year,total
2017,6931.8807162
2018,6979.4779445
2019,7026.85777574
2020,7074.08327607
2021,7118.97971468
2022,7161.63529116
2023,7203.09808535
2024,7243.55805528
2025,7283.18932751
2026,7322.14807663
2027,7358.68528027
2028,7393.68811438
2029,7427.43549457
2030,7460.17565176
2031,7492.10620834
2032,7522.0884137
2033,7549.81074357
2034,7575.60844945
2035,7599.77055552
2036,7622.54167466
