year,total
2017,6628.12245924
2018,6684.85735048
2019,6740.53446306
2020,6795.20079008
2021,6846.80611078
2022,6895.79211957
2023,6943.24055358
2024,6989.28311782
2025,7034.04520675
2026,7077.64027195
2027,7118.78788538
2028,7158.30426992
2029,7196.39225425
2030,7233.23739715
2031,7268.98559794
2032,7302.92724073
2033,7334.46594116
2034,7363.85804435
2035,7391.32734171
2036,7417.06331946
