year,total
2017,4357.4335795
2018,4401.10854465
2019,4445.12176256
2020,4489.49300841
2021,4532.82422899
2022,4575.79960994
2023,4619.40212021
2024,4663.67531249
2025,4708.66701842
2026,4754.42162342
2027,4800.50513447
2028,4847.25159418
2029,4894.74637347
2030,4943.0715052
2031,4992.28290689
2032,5042.29565091
2033,5090.18089173
2034,5136.2662192
2035,5180.83316364
2036,5224.12452489
