year,total
2017,4348.86631114
2018,4395.62409079
2019,4442.59772795
2020,4489.8022584
2021,4535.81371093
2022,4581.3748662
2023,4627.54685838
2024,4674.36288768
2025,4721.86176286
2026,4770.07937003
2027,4818.63263225
2028,4867.95682035
2029,4918.11678746
2030,4969.17628704
2031,5021.17430316
2032,5074.11206377
2033,5125.87708436
2034,5176.61221958
2035,5226.4389829
2036,5275.46114045
