year,total
2017,5946.22225503
2018,6010.0244625
2019,6074.11918088
2020,6138.52711767
2021,6201.30223232
2022,6263.45504759
2023,6326.43693351
2024,6390.29380702
2025,6455.07917809
2026,6520.84250846
2027,6587.05532687
2028,6654.31554916
2029,6722.71254014
2030,6792.33406078
2031,6863.23394998
2032,6935.40919765
2033,7005.98111735
2034,7075.14549362
2035,7143.06886473
2036,7209.89343222
