year,total
2017,5963.08910956
2018,6029.720652
2019,6096.54929113
2020,6163.59267835
2021,6228.89762231
2022,6293.57585031
2023,6359.05212129
2024,6425.36097994
2025,6492.54623637
2026,6560.64884064
2027,6629.23953129
2028,6698.86428584
2029,6769.59751966
2030,6841.51448159
2031,6914.65835314
2032,6989.12263609
2033,7061.92338664
2034,7133.24322451
2035,7203.23793578
2036,7272.04082074
