year,total
2017,4318.67759747
2018,4361.95713909
2019,4405.57186156
2020,4449.54140735
2021,4492.47933389
2022,4535.06271877
2023,4578.2631814
2024,4622.12410563
2025,4666.69306141
2026,4712.01417973
2027,4757.65546139
2028,4803.94761079
2029,4850.97546367
2030,4898.82049288
2031,4947.5382728
2032,4997.04306367
2033,5044.44314034
2034,5090.06232623
2035,5134.17892183
2036,5177.03293578
