year,total
2017,3122.48537597
2018,3156.04975029
2019,3189.76372495
2020,3223.63816031
2021,3256.65026862
2022,3289.33197428
2023,3322.44217923
2024,3356.00496108
2025,3390.04837252
2026,3424.59834706
2027,3459.37775497
2028,3494.69885945
2029,3530.60852767
2030,3567.15278889
2031,3604.35989001
2032,3642.22868884
2033,3679.25235309
2034,3715.53351116
2035,3751.15948701
2036,3786.2048451
