year,total
2017,3129.99504855
2018,3165.01498359
2019,3200.13334364
2020,3235.35939048
2021,3269.66734667
2022,3303.64147354
2023,3338.02704114
2024,3372.84217388
2025,3408.1098481
2026,3443.85154276
2027,3479.84200487
2028,3516.36677882
2029,3553.46490388
2030,3591.17585976
2031,3629.52232292
2032,3668.55347153
2033,3706.70842725
2034,3744.08287952
2035,3780.75848317
2036,3816.8051067
