year,total
2017,2839.32704686
2018,2867.71036481
2019,2896.31439967
2020,2925.15208965
2021,2953.31322016
2022,2981.24090343
2023,3009.57784264
2024,3038.35262418
2025,3067.59659912
2026,3097.33884724
2027,3127.29447629
2028,3157.68383001
2029,3188.56277122
2030,3219.98494991
2031,3251.98696526
2032,3284.51155993
2033,3315.65694959
2034,3345.63581938
2035,3374.63093222
2036,3402.79989702
