year,total
2017,2987.55904944
2018,3017.43514237
2019,3047.53797711
2020,3077.88117189
2021,3107.50735861
2022,3136.88272314
2023,3166.68334461
2024,3196.93927815
2025,3227.68349643
2026,3258.94658757
2027,3290.42886764
2028,3322.36250889
2029,3354.80628437
2030,3387.81665415
2031,3421.43216025
2032,3455.59250751
2033,3488.29753395
2034,3519.771353
2035,3550.20656612
2036,3579.76926595
