year,total
2017,2991.24087072
2018,3024.65639287
2019,3058.16549966
2020,3091.77704618
2021,3124.51207785
2022,3156.92766302
2023,3189.74002275
2024,3222.96645132
2025,3256.62890903
2026,3290.74792524
2027,3325.10815932
2028,3359.9850626
2029,3395.41593081
2030,3431.43849944
2031,3468.07443523
2032,3505.37055925
2033,3541.83176206
2034,3577.54952739
2035,3612.60190235
2036,3647.05566406
