year,total
2017,23416.3399959
2018,23713.9969849
2019,24012.7007529
2020,24312.55692
2021,24604.4772368
2022,24893.6633936
2023,25179.110718
2024,25461.1057351
2025,25739.9107298
2026,26015.7682387
2027,26286.3556525
2028,26549.7174247
2029,26806.3407704
2030,27056.6657485
2031,27301.0161445
2032,27539.0223902
2033,27762.2783646
2034,27972.3223871
2035,28170.508702
2036,28358.0116358
