year,total
2017,3904.71145658
2018,3949.63465631
2019,3993.69691221
2020,4036.92331533
2021,4077.87744337
2022,4117.10591391
2023,4154.49517348
2024,4190.11968152
2025,4224.04616407
2026,4256.33520353
2027,4286.3064593
2028,4313.96873506
2029,4339.43349828
2030,4362.80077306
2031,4384.15142343
2032,4403.15532261
2033,4420.190883
2034,4435.38728263
2035,4448.86216246
2036,4460.71585474
