year,total
2017,3473.36328182
2018,3503.69414233
2019,3533.2303753
2020,3562.00451327
2021,3588.81740458
2022,3613.80202529
2023,3637.0116993
2024,3658.54665183
2025,3678.49594129
2026,3696.93962359
2027,3712.9658654
2028,3726.82244936
2029,3738.65372251
2030,3748.58743381
2031,3756.72961569
2032,3762.48231043
2033,3766.61507264
2034,3769.27725004
2035,3770.6018713
2036,3770.70138833
