year,total
2017,3192.14270304
2018,3229.33706351
2019,3266.7852251
2020,3304.50453229
2021,3341.2545966
2022,3377.59808718
2023,3413.48125723
2024,3448.95778475
2025,3484.07570739
2026,3518.8784975
2027,3552.90304451
2028,3586.02688381
2029,3618.33118868
2030,3649.88755587
2031,3680.74917645
2032,3710.74532164
2033,3739.412255
2034,3766.86999582
2035,3793.22441384
2036,3818.56654663
