year,total
2017,3182.79310902
2018,3226.176848
2019,3269.55041413
2020,3312.92616179
2021,3355.01631292
2022,3396.56388712
2023,3437.40403611
2024,3477.57350284
2025,3517.10549611
2026,3556.03051918
2027,3594.02756802
2028,3630.87101024
2029,3666.61956484
2030,3701.32597665
2031,3735.02793351
2032,3767.69814231
2033,3798.87651713
2034,3828.65903008
2035,3857.13240923
2036,3884.3716257
