year,total
2017,5901.41555346
2018,5972.32122464
2019,6042.73337376
2020,6112.68801347
2021,6179.90372212
2022,6245.38773702
2023,6308.78221216
2024,6370.19388496
2025,6429.71735575
2026,6487.43865608
2027,6542.43608408
2028,6594.43653511
2029,6643.60233988
2030,6690.07780242
2031,6733.97675523
2032,6774.90071672
2033,6812.43610825
2034,6846.87458855
2035,6878.47682436
2036,6907.46772736
