year,total
2017,6387.34641984
2018,6463.61898334
2019,6539.40069499
2020,6614.7281794
2021,6687.14954276
2022,6757.73677006
2023,6826.26651197
2024,6892.84996729
2025,6957.58644345
2026,7020.5660674
2027,7080.80049692
2028,7138.1171161
2029,7192.6835241
2030,7244.64890521
2031,7294.12914608
2032,7340.71815325
2033,7384.30191579
2034,7425.10059278
2035,7463.31209118
2036,7499.1060369
