year,total
2017,4016.73473703
2018,4063.83388663
2019,4110.51106584
2020,4156.79333623
2021,4201.11186927
2022,4244.06713253
2023,4285.39230341
2024,4325.17099535
2025,4363.476546
2026,4400.37524505
2027,4435.13380496
2028,4467.62834428
2029,4497.98137503
2030,4526.30090272
2031,4552.67317444
2032,4576.73610931
2033,4598.70645264
2034,4618.74411029
2035,4636.99340984
2036,4653.57841045
