year,total
2017,1518.94326156
2018,1534.11274725
2019,1549.39988086
2020,1564.8115917
2021,1579.86121857
2022,1594.78531624
2023,1609.92840193
2024,1625.30579101
2025,1640.93427853
2026,1656.82944157
2027,1672.83859728
2028,1689.08026173
2029,1705.58434925
2030,1722.37958855
2031,1739.48558298
2032,1756.87142685
2033,1773.52024313
2034,1789.54575148
2035,1805.04566958
2036,1820.10426414
