year,total
2017,10204.3567744
2018,10311.9310797
2019,10418.3757103
2020,10523.7665414
2021,10624.2653353
2022,10720.9404719
2023,10813.7971605
2024,10903.0753973
2025,10988.9884291
2026,11071.727972
2027,11149.1009534
2028,11221.4271527
2029,11289.0515776
2030,11352.2787298
2031,11411.3515369
2032,11465.0547585
2033,11514.6075179
2034,11560.3150616
2035,11602.4531638
2036,11641.2562969
