year,total
2017,10147.042137
2018,10253.0472363
2019,10357.7463923
2020,10461.2177293
2021,10559.6310373
2022,10653.9729779
2023,10744.2641815
2024,10830.7536971
2025,10913.6632394
2026,10993.1926246
2027,11067.0600372
2028,11135.6111842
2029,11199.2107807
2030,11258.1815786
2031,11312.7839423
2032,11361.692573
2033,11405.9764112
2034,11446.0508086
2035,11482.2851799
2036,11514.992906
