year,total
2017,2497.36366744
2018,2522.32664502
2019,2547.48555666
2020,2572.85177239
2021,2597.62473671
2022,2622.19442066
2023,2647.12666596
2024,2672.44658125
2025,2698.18171465
2026,2724.35761939
2027,2750.72405348
2028,2777.47477503
2029,2804.65887712
2030,2832.32351201
2031,2860.50083041
2032,2889.14079399
2033,2916.56823126
2034,2942.97027225
2035,2968.50771287
2036,2993.31921984
