year,total
2017,3443.32642848
2018,3468.00484053
2019,3492.53325167
2020,3516.94223073
2021,3540.12576247
2022,3562.12899142
2023,3583.42845012
2024,3604.11913526
2025,3624.28722001
2026,3644.00950956
2027,3662.39921064
2028,3679.93046583
2029,3696.73598532
2030,3712.93289296
2031,3728.61353632
2032,3743.2206236
2033,3757.23735459
2034,3770.71343606
2035,3783.69259066
2036,3796.21054656
