year,total
2017,5202.62199901
2018,5241.58604341
2019,5280.04407552
2020,5318.04389467
2021,5353.89855963
2022,5387.71865823
2023,5420.05489233
2024,5451.05235355
2025,5480.8426344
2026,5509.54385011
2027,5535.82557283
2028,5560.25528187
2029,5583.04460854
2030,5604.38154278
2031,5624.41791201
2032,5642.28536207
2033,5658.21290811
2034,5672.44284975
2035,5685.18621341
2036,5696.62153149
