year,total
2017,4834.43318532
2018,4872.54015432
2019,4910.25747443
2020,4947.62725807
2021,4983.03402318
2022,5016.60936272
2023,5048.86909428
2024,5079.94563536
2025,5109.95842617
2026,5139.01407802
2027,5165.87545575
2028,5191.12435504
2029,5214.9462212
2030,5237.50467966
2031,5258.92973947
2032,5278.45108411
2033,5296.91387682
2034,5314.39530506
2035,5330.96445528
2036,5346.67816967
