year,total
2017,8565.45157119
2018,8659.32477082
2019,8752.2582105
2020,8844.30766119
2021,8932.37190553
2022,9017.66975732
2023,9100.04737482
2024,9179.66526022
2025,9256.66782633
2026,9331.18623253
2027,9401.81203591
2028,9468.43787318
2029,9531.30808769
2030,9590.64130918
2031,9646.61112344
2032,9698.54570694
2033,9745.79706548
2034,9788.78758237
2035,9827.89335611
2036,9863.43840241
