range_min,range_max,gender,private_pharmacy,comunal_pharmacy
0,9,men,0,0,010,19,men,9206.131148,7081.639344,2124.49180320,44,men,7859.706769,6045.928284,1813.77848545,64,men,9842.587414,7571.221088,2271.36632665,79,men,11829.0667,9099.282075,2729.78462380,200,men,10319.35938,7937.96875,2381.3906250,9,women,0,0,010,19,women,4673.831311,3595.254854,1078.57645620,44,women,5917.551211,4551.96247,1365.58874145,64,women,8455.863561,6504.510432,1951.35312965,79,women,8025.6921,6173.609308,1852.08279280,200,women,9385.774864,7219.826819,2165.948046
