range_min,range_max,value
0,9,205779.1951475078
10,19,468654.07557113154
20,44,509282.30376499234
45,64,362237.9139453577
65,79,238239.6385611192
80,101,51785.60889979804
