year,total
2017,10416.7839049
2018,10505.8296171
2019,10593.4566054
2020,10679.748768
2021,10761.2876609
2022,10838.6633568
2023,10912.9048252
2024,10984.2609529
2025,11052.9598731
2026,11119.2071049
2027,11180.6872278
2028,11238.3777917
2029,11292.6482571
2030,11343.8297976
2031,11392.187938
2032,11436.3267264
2033,11476.3729334
2034,11512.7621065
2035,11545.8762359
2036,11576.0389484
