year,total
2017,11003.623624
2018,11119.0347545
2019,11232.0840865
2020,11342.8376617
2021,11447.6064838
2022,11547.7070003
2023,11644.1509545
2024,11737.1215465
2025,11826.7925283
2026,11913.3221185
2027,11994.9186883
2028,12072.3678741
2029,12145.9565133
2030,12215.9486798
2031,12282.5519042
2032,12344.9389198
2033,12402.6208794
2034,12455.9619749
2035,12505.2871874
2036,12550.872535
