year,total
2017,4453.66332863
2018,4497.31176255
2019,4540.28816955
2020,4582.62060553
2021,4622.84658713
2022,4661.44827599
2023,4698.85650157
2024,4735.14965118
2025,4770.40157608
2026,4804.6793106
2027,4837.23735216
2028,4868.38344602
2029,4898.23895044
2030,4926.91469842
2031,4954.49729343
2032,4980.62494637
2033,5004.94841805
2034,5027.62589521
2035,5048.79723804
2036,5068.58151916
