year,total
2017,5015.56708713
2018,5069.35946351
2019,5123.39345874
2020,5177.68660189
2021,5230.59749208
2022,5282.9767693
2023,5336.04707198
2024,5389.84734999
2025,5444.42291767
2026,5499.81565511
2027,5555.5778085
2028,5612.21425899
2029,5669.80066812
2030,5728.41130433
2031,5788.0918213
2032,5848.83770726
2033,5908.22906783
2034,5966.43111581
2035,6023.58440413
2036,6079.80893966
