year,total
2017,5023.82315623
2018,5074.06212244
2019,5124.68636811
2020,5175.71883461
2021,5225.54809709
2022,5274.95740851
2023,5325.07986036
2024,5375.96624992
2025,5427.67220758
2026,5480.24932512
2027,5533.1916305
2028,5586.8881986
2029,5641.43810607
2030,5696.9364656
2031,5753.44822946
2032,5810.87042582
2033,5865.8519342
2034,5918.76843287
2035,5969.94277687
2036,6019.65338043
