year,total
2017,4238.14056995
2018,4279.26838982
2019,4320.6750954
2020,4362.38937889
2021,4402.89707802
2022,4442.69072023
2023,4481.94004974
2024,4520.73200855
2025,4559.14496178
2026,4597.24930267
2027,4634.280149
2028,4670.31604221
2029,4705.48401191
2030,4739.89603532
2031,4773.63731901
2032,4806.3273077
2033,4837.53711467
2034,4867.41468619
2035,4896.08995646
2036,4923.67445656
