year,total
2017,5736.86659954
2018,5771.65093462
2019,5805.68994657
2020,5839.03797204
2021,5870.02664675
2022,5898.52272771
2023,5925.65622607
2024,5951.58995042
2025,5976.47379817
2026,6000.44151002
2027,6021.94236546
2028,6042.06123397
2029,6061.02768032
2030,6079.04641114
2031,6096.28090167
2032,6111.71173623
2033,6126.17231908
2034,6139.75861788
2035,6152.55443079
2036,6164.62810324
