year,population
2017,245322.401988
2018,247975.197344
2019,250622.49803
2020,253265.571023
2021,255762.701475
2022,258207.492624
2023,260614.566261
2024,262987.448864
2025,265329.444388
2026,267604.369384
2027,269818.791641
2028,271978.048703
2029,274087.599261
2030,276151.568003
2031,278155.697622
2032,280107.908274
2033,281970.515076
2034,283751.52282
2035,285457.553676
2036,287057.109515
