year,total
2017,2567.65686515
2018,2593.94256859
2019,2619.76162482
2020,2645.13101668
2021,2669.17076471
2022,2692.16216921
2023,2714.26846645
2024,2735.53873203
2025,2756.01834667
2026,2775.74845338
2027,2794.26565164
2028,2811.71909476
2029,2828.18347907
2030,2843.72650905
2031,2858.40194176
2032,2871.97347613
2033,2884.43096859
2034,2895.86593778
2035,2906.35989125
2036,2915.98209908
