year,total
2017,3380.65470954
2018,3421.53459834
2019,3461.73308691
2020,3501.27430901
2021,3538.81548617
2022,3574.84386068
2023,3609.02804592
2024,3641.44346371
2025,3672.15565615
2026,3701.22387744
2027,3727.97976219
2028,3752.31542064
2029,3774.3401688
2030,3794.15035067
2031,3811.82487526
2032,3827.01230813
2033,3840.29522279
2034,3851.80161416
2035,3861.64868413
2036,3869.93693439
