year,total
2017,8116.60513703
2018,8201.51088443
2019,8286.21439521
2020,8370.7675608
2021,8452.23069781
2022,8531.653403
2023,8609.309705
2024,8685.35566902
2025,8759.93313656
2026,8833.17029392
2027,8903.66020436
2028,8971.54994861
2029,9037.07441013
2030,9100.44301419
2031,9161.81744241
2032,9220.52120488
2033,9275.89975125
2034,9328.26619248
2035,9377.89643329
2036,9425.02618006
