year,total
2017,7858.27866977
2018,7950.10980134
2019,8041.0227103
2020,8131.0560446
2021,8217.39252855
2022,8301.3657678
2023,8383.25804765
2024,8463.17700273
2025,8541.2238508
2026,8617.49116202
2027,8690.9659026
2028,8761.72472854
2029,8829.93910807
2030,8895.76618341
2031,8959.32476851
2032,9020.2943521
2033,9077.80710022
2034,9132.10984396
2035,9183.42381733
2036,9231.93863265
