year,total
2017,3835.20398359
2018,3873.57264587
2019,3912.239769
2020,3951.22279607
2021,3989.29218127
2022,4027.04779558
2023,4065.35770614
2024,4104.26038429
2025,4143.7980602
2026,4184.00991237
2027,4224.51246867
2028,4265.60241493
2029,4307.3550525
2030,4349.84272297
2031,4393.11475238
2032,4437.09499797
2033,4479.20876637
2034,4519.7438618
2035,4558.94760147
2036,4597.03326991
