year,total
2017,3111.59608084
2018,3153.69030143
2019,3196.50857537
2020,3240.06270138
2021,3283.04532715
2022,3326.2588227
2023,3369.5106143
2024,3412.83542245
2025,3456.26437634
2026,3499.82614522
2027,3543.25919314
2028,3586.18480613
2029,3628.66149962
2030,3670.74087305
2031,3712.45739872
2032,3753.82633934
2033,3793.46824256
2034,3831.57232526
2035,3868.30419489
2036,3903.80785068
