year,total
2017,3193.33447757
2018,3231.73020083
2019,3270.39740998
2020,3309.35303411
2021,3347.32701931
2022,3384.90604735
2023,3422.03381796
2024,3458.76350233
2025,3495.14269145
2026,3531.21447384
2027,3566.51640933
2028,3600.92096219
2029,3634.50877921
2030,3667.35098843
2031,3699.50012512
2032,3730.79215015
2033,3760.74976581
2034,3789.49304245
2035,3817.12789198
2036,3843.74532651
