year,total
2017,4827.8048578
2018,4873.18267227
2019,4917.64051145
2020,4961.20977525
2021,5002.35615234
2022,5041.51828956
2023,5079.36408881
2024,5115.98030619
2025,5151.44988066
2026,5185.8481031
2027,5218.3241442
2028,5249.37786363
2029,5279.144519
2030,5307.74856947
2031,5335.28768415
2032,5361.32793443
2033,5385.48842373
2034,5407.9417209
2035,5428.8398311
2036,5448.31162347
