year,total
2017,7165.07333404
2018,7251.28588619
2019,7336.57169096
2020,7420.97329616
2021,7501.78366132
2022,7580.22480004
2023,7656.0674555
2024,7729.432623
2025,7800.42968983
2026,7869.15865047
2027,7934.55096983
2028,7996.39446924
2029,8054.87936987
2030,8110.17711998
2031,8162.42334154
2032,8211.1706573
2033,8255.51781723
2034,8295.86686041
2035,8332.57566546
2036,8365.95288738
